slug,provider,offer,actionButtons,chain,dataSources,hasDashboard,historicalData,availableApis,price,planName,planType,starred,tag
artemis-mainnet,,!offer:artemis,"[""[Dashboard](https://app.artemisanalytics.com/asset/ethereum?tab=overview)""]",mainnet,,,,,,,,,
blockworks-mainnet,,!offer:blockworks,"[""[Dashboard](https://blockworks.com/analytics/ethereum)""]",mainnet,,,,,,,,,
bubblemaps-mainnet,,!offer:bubblemaps,"[""[Dashboard](https://v2.bubblemaps.io/avalanche)""]",mainnet,,,,,,,,,
chainspect-mainnet,,!offer:chainspect,"[""[Dashboard](https://chainspect.app/chain/ethereum)""]",mainnet,,,,,,,,,
coingecko-api-analyst,,!offer:coingecko-api-analyst,,mainnet,,,,,,,,,
coingecko-api-basic,,!offer:coingecko-api-basic,,mainnet,,,,,,,,,
coingecko-api-lite,,!offer:coingecko-api-lite,,mainnet,,,,,,,,,
coinglass-mainnet,,!offer:coinglass,,mainnet,,,,,,,,,
coinmarketcap-basic,,!offer:coinmarketcap-basic,,mainnet,,,,,,,,,
coinmarketcap-enterprise,,!offer:coinmarketcap-enterprise,,mainnet,,,,,,,,,
coinmarketcap-hobbyist,,!offer:coinmarketcap-hobbyist,,mainnet,,,,,,,,,
coinmarketcap-professional,,!offer:coinmarketcap-professional,,mainnet,,,,,,,,,
coinmarketcap-standard,,!offer:coinmarketcap-standard,,mainnet,,,,,,,,,
coinmarketcap-startup,,!offer:coinmarketcap-startup,,mainnet,,,,,,,,,
cryptoquant-mainnet-advanced,,!offer:cryptoquant-advanced,"[""[Dashboard](https://cryptoquant.com/asset/eth/summary)""]",mainnet,,,,,,,,,
cryptoquant-mainnet-basic,,!offer:cryptoquant-basic,"[""[Dashboard](https://cryptoquant.com/asset/eth/summary)""]",mainnet,,,,,,,,,
cryptoquant-mainnet-premium,,!offer:cryptoquant-premium,"[""[Dashboard](https://cryptoquant.com/asset/eth/summary)""]",mainnet,,,,,,,,,
cryptoquant-mainnet-professional,,!offer:cryptoquant-professional,"[""[Dashboard](https://cryptoquant.com/asset/eth/summary)""]",mainnet,,,,,,,,,
cryptoslam-mainnet,Cryptoslam,,"[""[Dashboard](https://www.cryptoslam.io/blockchains/ethereum)""]",mainnet,"[""NFT Sales Data"",""Transaction Volume"",""Number of NFT Owners"",""Upcoming Drops""]",TRUE,,"[""NFT Sales Data API""]",$0,,Free,FALSE,
defillama-mainnet-api,,!offer:defillama-api,"[""[Dashboard](https://defillama.com/chain/ethereum)""]",mainnet,,,,,,,,,
defillama-mainnet-free,,!offer:defillama-free,"[""[Dashboard](https://defillama.com/chain/ethereum)""]",mainnet,,,,,,,,,
defillama-mainnet-pro,,!offer:defillama-pro,"[""[Dashboard](https://defillama.com/chain/ethereum)""]",mainnet,,,,,,,,,
dexscreener-mainnet,,!offer:dexscreener,"[""[Dashboard](https://dexscreener.com/ethereum)""]",mainnet,,,,,,,,,
dune-analyst,,!offer:dune-analyst,"[""[Dashboard](https://dune.com/blockchains/ethereum)""]",mainnet,,,,,,,,,
dune-enterprise,,!offer:dune-enterprise,"[""[Dashboard](https://dune.com/blockchains/avalanche_c)""]",mainnet,,,,,,,,,
dune-free,,!offer:dune-free,"[""[Dashboard](https://dune.com/blockchains/ethereum)""]",mainnet,,,,,,,,,
dune-plus,,!offer:dune-plus,"[""[Dashboard](https://dune.com/blockchains/ethereum)""]",mainnet,,,,,,,,,
footprint-analytics-free,,!offer:footprint-analytics-free,,mainnet,,,,,,,,,
geckoterminal-mainnet,GeckoTerminal,,"[""[Dashboard](https://www.geckoterminal.com/eth/pools)""]",mainnet,"[""DEX Trading Pairs"",""OHLCV Charts"",""Liquidity"",""Recent Trades""]",TRUE,,"[""Public API""]",$0,Free,Free,FALSE,
glassnode-mainnet,,!offer:glassnode,,mainnet,,,,,,,,,
growthepie-mainnet,,!offer:growthepie,"[""[Dashboard](https://www.growthepie.com/chains/ethereum)""]",mainnet,,,,,,,,,
jiffyscan-mainnet,,!offer:jiffyscan,"[""[Dashboard](https://jiffyscan.xyz/?network=base)""]",mainnet,,,,,,,,,
l2beat-mainnet,,!offer:l2beat,"[""[Dashboard](https://l2beat.com/scaling/summary)""]",mainnet,,,,,,,,,
laevitas-enterprise,,!offer:laevitas-enterprise,"[""[Dashboard](https://app.laevitas.ch/assets/overview/ETH)""]",mainnet,,,,,,,,,
laevitas-free,,!offer:laevitas-free,"[""[Dashboard](https://app.laevitas.ch/assets/overview/ETH)""]",mainnet,,,,,,,,,
laevitas-premium,,!offer:laevitas-premium,"[""[Dashboard](https://app.laevitas.ch/assets/overview/ETH)""]",mainnet,,,,,,,,,
lunarcrush-builder,,!offer:lunarcrush-builder,,mainnet,,,,,,,,,
lunarcrush-enterprise,,!offer:lunarcrush-enterprise,"[""[Dashboard](https://lunarcrush.com/en/topic/avalanche-avax)""]",mainnet,,,,,,,,,
lunarcrush-hobby,,!offer:lunarcrush-hobby,,mainnet,,,,,,,,,
lunarcrush-individual,,!offer:lunarcrush-individual,,mainnet,,,,,,,,,
lunarcrush-scale,,!offer:lunarcrush-scale,,mainnet,,,,,,,,,
messari-mainnet,,!offer:messari,"[""[Dashboard](https://messari.io/project/ethereum)""]",mainnet,,,,,,,,,
nansen-mainnet,,!offer:nansen,"[""[Dashboard](https://app.nansen.ai/macro/overview?chain=ethereum)""]",mainnet,,,,,,,,,
santiment-business-max,,!offer:santiment-business-max,,mainnet,,,,,,,,,
santiment-business-pro,,!offer:santiment-business-pro,,mainnet,,,,,,,,,
santiment-free,,!offer:santiment-free,,mainnet,,,,,,,,,
santiment-sanbase-max,,!offer:santiment-sanbase-max,,mainnet,,,,,,,,,
santiment-sanbase-pro,,!offer:santiment-sanbase-pro,,mainnet,,,,,,,,,
tenderly-mainnet,Tenderly,,"[""[Website](https://tenderly.co/)""]",mainnet,"[""Transaction Monitoring"",""Contract Events"",""Alerts"",""Simulation RPC"",""Web3 Actions"",""Wallet Monitoring""]",TRUE,,"[""Alerts API"",""Web3 Actions API""]","$0/$45/$450/mo, Custom",,Tiered,FALSE,
tokenterminal-mainnet,,!offer:tokenterminal,"[""[Dashboard](https://tokenterminal.com/explorer/projects/ethereum)""]",mainnet,,,,,,,,,
zapper-mainnet,,!offer:zapper,"[""[Dashboard](https://zapper.xyz/)""]",mainnet,,,,,,,,,
