slug,provider,offer,actionButtons,chain,technology,monitoringAndAnalytics,additionalFeatures,starred,availableApis,sdk,searchCapabilities,smartContractsVerifications,fullHistory,pricing,tag
3xpl,,!offer:3xpl,"[""[Explore](https://3xpl.com/avalanche)""]",mainnet,,,,,,,,,,,
arkham,,!offer:arkham,"[""[Explore](https://intel.arkm.com/explorer/entity/avalanche)""]",mainnet,,,,,,,,,,,
avalanche-explorer,,!offer:avalanche-explorer,,mainnet,,,,,,,,,,,
avalanche-explorer-testnet,,!offer:avalanche-explorer,"[""[Explore](https://explorer-test.avax.network/c-chain)"",""[Docs](https://build.avax.network/integrations/avalanche-explorer)""]",testnet,,,,,,,,,,,
avascan-mainnet,,!offer:avascan,,mainnet,,,,,,,,,,,
avascan-testnet,,!offer:avascan,"[""[Explore](https://testnet.avascan.info/)"",""[Docs](https://docs.avascan.info/)""]",testnet,,,,,,,,,,,
blockchair,,!offer:blockchair,"[""[Explore](https://blockchair.com/avalanche)""]",mainnet,,,,,,,,,,,
blockscan-mainnet,,!offer:blockscan,,mainnet,,,,,,,,,,,
blockscan-testnet,,!offer:blockscan,,testnet,,,,,,,,,,,
chainlens-growth,,!offer:chainlens-growth,,mainnet,,,,,,,,,,,
chainlens-pro,,!offer:chainlens-pro,,mainnet,,,,,,,,,,,
chainlens-starter,,!offer:chainlens-starter,,mainnet,,,,,,,,,,,
dex-guru,,!offer:dex-guru,"[""[Explore](https://docs.dex.guru/data/supported-chains)""]",mainnet,,,,,,,,,,,
jiffyscan-developer,,!offer:jiffyscan-developer,"[""[Explore](https://jiffyscan.xyz/pricing)""]",mainnet,,,,,,,,,,,
jiffyscan-professional,,!offer:jiffyscan-professional,"[""[Explore](https://jiffyscan.xyz/pricing)""]",mainnet,,,,,,,,,,,
jiffyscan-starter,,!offer:jiffyscan-starter,"[""[Explore](https://jiffyscan.xyz/pricing)""]",mainnet,,,,,,,,,,,
oklink,,!offer:oklink,"[""[Explore](https://www.oklink.com/avalanche)""]",mainnet,,,,,,,,,,,
okx,,!offer:okx,"[""[Explore](https://web3.okx.com/explorer/avalanche)""]",mainnet,,,,,,,,,,,
routescan,,!offer:routescan,,mainnet,,,,,,,,,,,
routescan-testnet,,!offer:routescan,"[""[Explore](https://testnet.routescan.io/blockchain/blocks?chainid=43113)""]",testnet,,,,,,,,,,,
snowscan-mainnet,,!offer:etherscan,"[""[Explore](https://snowscan.xyz/)"",""[Docs](https://docs.etherscan.io/supported-chains)""]",mainnet,,,,,,,,,,,
snowscan-testnet,,!offer:etherscan,"[""[Explore](https://testnet.snowscan.xyz/)"",""[Docs](https://docs.etherscan.io/supported-chains)""]",testnet,,,,,,,,,,,
tenderly-explorer-mainnet,,!offer:tenderly-explorer,"[""[Explore](https://dashboard.tenderly.co/explorer/avalanche-mainnet)"",""[Docs](https://docs.tenderly.co/platform/supported-networks)""]",mainnet,,,,,,,,,,,
tenderly-explorer-testnet,,!offer:tenderly-explorer,"[""[Explore](https://dashboard.tenderly.co/explorer/avalanche-fuji)"",""[Docs](https://docs.tenderly.co/platform/supported-networks)""]",testnet,,,,,,,,,,,
uviblock-mainnet,,!offer:uviblock,"[""[Explore](https://app.uviblock.com/avalanche)""]",mainnet,,,,,,,,,,,
uviblock-testnet,,!offer:uviblock,,testnet,,,,,,,,,,,
wormholescan-mainnet,,!offer:wormholescan,"[""[Explore](https://wormholescan.io/)""]",mainnet,,,,,,,,,,,
wormholescan-testnet,,!offer:wormholescan,"[""[Explore](https://wormholescan.io/?network=TESTNET)""]",testnet,,,,,,,,,,,
