slug,provider,offer,actionButtons,toolType,description,tag,planType,planName,price,trial,availableApis,executionEnvironment
apeworx,,!offer:apeworx,,,,,,,,,,
avacloud-enterprise,,!offer:avacloud-enterprise,,,,,,,,,,
avacloud-mainnet-pro,,!offer:avacloud-mainnet-pro,,,,,,,,,,
avacloud-mainnet-starter,,!offer:avacloud-mainnet-starter,,,,,,,,,,
avacloud-testnet-pro,,!offer:avacloud-testnet-pro,,,,,,,,,,
avacloud-testnet-starter,,!offer:avacloud-testnet-starter,,,,,,,,,,
dynamic-growth,,!offer:dynamic-growth,,,,,,,,,,
dynamic-launch,,!offer:dynamic-launch,,,,,,,,,,
enso,,!offer:enso,,,,,,,,,,
kurtosis,,!offer:kurtosis,,,,,,,,,,
openfort-growth,,!offer:openfort-growth,,,,,,,,,,
openfort-pro,,!offer:openfort-pro,,,,,,,,,,
openfort-scale,,!offer:openfort-scale,,,,,,,,,,
openfort-starter,,!offer:openfort-starter,,,,,,,,,,
portal-developer,,!offer:portal-developer,,,,,,,,,,
portal-startup,,!offer:portal-startup,,,,,,,,,,
spheron-network,,!offer:spheron-network,,,,,,,,,,
starton-free,,!offer:starton-free,,,,,,,,,,
starton-pay-as-you-go,,!offer:starton-pay-as-you-go,,,,,,,,,,
thirdweb-growth,,!offer:thirdweb-growth,,,,,,,,,,
thirdweb-pro,,!offer:thirdweb-pro,,,,,,,,,,
thirdweb-scale,,!offer:thirdweb-scale,,,,,,,,,,
thirdweb-starter,,!offer:thirdweb-starter,,,,,,,,,,
toolblox-free,,!offer:toolblox-free,,,,,,,,,,
toolblox-lifetime,,!offer:toolblox-lifetime,,,,,,,,,,
toolblox-professional,,!offer:toolblox-professional,,,,,,,,,,
toolblox-starter,,!offer:toolblox-starter,,,,,,,,,,
venly-developer,,!offer:venly-developer,,,,,,,,,,
venly-professional,,!offer:venly-professional,,,,,,,,,,
venly-scale,,!offer:venly-scale,,,,,,,,,,
vialabs,,!offer:vialabs,,,,,,,,,,
