slug,provider,offer,actionButtons,tag,description,planType,planName,price,trial,starred,toolType,deliveryType,executionEnvironment,coverage,compliance
abdk,,!offer:abdk,,,,,,,,,,,,,
aderyn,,!offer:aderyn,,,,,,,,,,,,,
audit-base-pay-as-you-go,,!offer:audit-base-pay-as-you-go,,,,,,,,,,,,,
audit-base-pro,,!offer:audit-base-pro,,,,,,,,,,,,,
audit-base-starter,,!offer:audit-base-starter,,,,,,,,,,,,,
audit-base-team,,!offer:audit-base-team,,,,,,,,,,,,,
blockaid,,!offer:blockaid,,,,,,,,,,,,,
blocksec-phalcon,,!offer:blocksec-phalcon,,,,,,,,,,,,,
certora-prover-basic,,!offer:certora-prover-basic,,,,,,,,,,,,,
certora-prover-enterprise,,!offer:certora-prover-enterprise,,,,,,,,,,,,,
certora-prover-premium,,!offer:certora-prover-premium,,,,,,,,,,,,,
chainsecurity,,!offer:chainsecurity,,,,,,,,,,,,,
chimera,,!offer:chimera,,,,,,,,,,,,,
cyvers,,!offer:cyvers,,,,,,,,,,,,,
echidna,,!offer:echidna,,,,,,,,,,,,,
goplus-beginner,,!offer:goplus-beginner,,,,,,,,,,,,,
goplus-free,,!offer:goplus-free,,,,,,,,,,,,,
goplus-growth,,!offer:goplus-growth,,,,,,,,,,,,,
goplus-pro,,!offer:goplus-pro,,,,,,,,,,,,,
goplus-test,,!offer:goplus-test,,,,,,,,,,,,,
goplus-ultra,,!offer:goplus-ultra,,,,,,,,,,,,,
hacken-blockchain-protocol-audit,,!offer:hacken-blockchain-protocol-audit,,,,,,,,,,,,,
hacken-smart-contract-audit,,!offer:hacken-smart-contract-audit,,,,,,,,,,,,,
halborn-blockchain-layer-1-assessment,,!offer:halborn-blockchain-layer-1-assessment,,,,,,,,,,,,,
halborn-smart-contract-assessment,,!offer:halborn-smart-contract-assessment,,,,,,,,,,,,,
hevm,,!offer:hevm,,,,,,,,,,,,,
kontrol,,!offer:kontrol,,,,,,,,,,,,,
kudelski-architecture-review,,!offer:kudelski-architecture-review,,,,,,,,,,,,,
kudelski-smart-contract-secure-code-review,,!offer:kudelski-smart-contract-secure-code-review,,,,,,,,,,,"C-Chain EVM, Solidity",,
medusa,,!offer:medusa,,,,,,,,,,,,,
openzeppelin-audits,,!offer:openzeppelin-audits,,,,,,,,,,,,,
peckshield-audit,,!offer:peckshield-audit,,,,,,,,,,,,,
revoke-cash,,!offer:revoke-cash,,,,,,,,,,,,,
salus-audit,,!offer:salus-audit,,,,,,,,,,,,,
salus-zk-solution,,!offer:salus-zk-solution,,,,,,,,,,,,,
scam-sniffer-standard,,!offer:scam-sniffer-standard,,,,,,,,,,,,,
scam-sniffer-startup,,!offer:scam-sniffer-startup,,,,,,,,,,,,,
slither,,!offer:slither,,,,,,,,,,,,,
slowmist-audit,,!offer:slowmist-audit,,,,,,,,,,,,,
solhint,,!offer:solhint,,,,,,,,,,,,,
solidityscan-on-demand,,!offer:solidityscan-on-demand,,,,,,,,,,,,,
solidityscan-pro,,!offer:solidityscan-pro,,,,,,,,,,,,,
solidityscan-starter,,!offer:solidityscan-starter,,,,,,,,,,,,,
wake-security,,!offer:wake-security,,,,,,,,,,,,,
ziion-linux-distro,,!offer:ziion-linux-distro,,,,,,,,,,,,,
