slug,provider,offer,actionButtons,planName,planType,historicalData,apiType,technology,chain,accessPrice,queryPrice,starred,trial,availableApis,limitations,securityImprovements,monitoringAndAnalytics,regions,additionalFeatures,address,tag,uptimeSla,verifiedUptime,blocksBehindSla,verifiedBlocksBehindAvg,bandwidthSla,verifiedLatency,supportSla
ankr-coston-free,,!offer:ankr-free-recent-state,,,,,,,coston,,,,,,,,,,,,,,,,,,,
ankr-coston2-free,,!offer:ankr-free-recent-state,,,,,,,coston2,,,,,,,,,,,,,,,,,,,
ankr-mainnet-free,,!offer:ankr-free-recent-state,,,,,,,mainnet,,,,,,,,,,,,,,,,,,,
ankr-mainnet-pay-as-you-go,,!offer:ankr-pay-as-you-go-recent-state,,,,,,,mainnet,,,,,,,,,,,,,,,,,,,
blockeden-mainnet-basic-recent-state,,!offer:blockeden-basic-recent-state,,,,,,,mainnet,,,,,,,,,,,,,,,,,,,
blockeden-mainnet-enterprise-50-recent-state,,!offer:blockeden-enterprise-50-recent-state,,,,,,,mainnet,,,,,,,,,,,,,,,,,,,
blockeden-mainnet-enterprise-500-recent-state,,!offer:blockeden-enterprise-500-recent-state,,,,,,,mainnet,,,,,,,,,,,,,,,,,,,
blockeden-mainnet-free-recent-state,,!offer:blockeden-free-recent-state,,,,,,,mainnet,,,,,,,,,,,,,,,,,,,
blockeden-mainnet-pro-recent-state,,!offer:blockeden-pro-recent-state,,,,,,,mainnet,,,,,,,,,,,,,,,,,,,
dipdup-mainnet-free-indexer,,!offer:dipdup-free-indexer,"[""[Website](https://dipdup.io/)"",""[Docs](https://dipdup.io/docs/supported-networks/flare)""]",,,,,,mainnet,,,,,,,,,,,,,,,,,,,
envio-mainnet-free-indexer,,!offer:envio-free-indexer,"[""[Website](https://envio.dev/)"",""[Docs](https://docs.envio.dev/docs/HyperIndex/flare)""]",,,,,,mainnet,,,,,,,,,,,,,,,,,,,
envio-mainnet-pay-as-you-go-indexer,,!offer:envio-pay-as-you-go-indexer,"[""[Buy](https://envio.dev/pricing)"",""[Docs](https://docs.envio.dev/docs/HyperIndex/flare)""]",,,,,,mainnet,,,,,,,,,,,,,,,,,,,
envio-songbird-free-indexer,,!offer:envio-free-indexer,"[""[Website](https://envio.dev/)"",""[Docs](https://docs.envio.dev/docs/HyperIndex/flare-songbird)""]",,,,,,songbird,,,,,,,,,,,,,,,,,,,
envio-songbird-pay-as-you-go-indexer,,!offer:envio-pay-as-you-go-indexer,"[""[Buy](https://envio.dev/pricing)"",""[Docs](https://docs.envio.dev/docs/HyperIndex/flare-songbird)""]",,,,,,songbird,,,,,,,,,,,,,,,,,,,
flare-coston-public,Flare,,"[""[Docs](https://dev.flare.network/network/overview)""]",,Free,Pruned,RPC,EVM JSON-RPC,coston,$0,$0,TRUE,FALSE,"[""eth"",""web3"",""net""]","[""~1K req/min""]","[""DDoS Protection"",""IP Protection""]","[""Basic monitoring""]","[""Global""]",,,,,,,,,,
flare-coston2-public,Flare,,"[""[Docs](https://dev.flare.network/network/overview)""]",,Free,Pruned,RPC,EVM JSON-RPC,coston2,$0,$0,TRUE,FALSE,"[""eth"",""web3"",""net""]","[""~1K req/min""]","[""DDoS Protection"",""IP Protection""]","[""Basic monitoring""]","[""Global""]",,,,,,,,,,
flare-mainnet-public,Flare,,"[""[Docs](https://dev.flare.network/network/overview)""]",,Free,Pruned,RPC,EVM JSON-RPC,mainnet,$0,$0,TRUE,FALSE,"[""eth"",""web3"",""net""]","[""~1K req/min""]","[""DDoS Protection"",""IP Protection""]","[""Basic monitoring""]","[""Global""]",,,,,,,,,,
flare-songbird-public,Flare,,"[""[Docs](https://dev.flare.network/network/overview)""]",,Free,Pruned,RPC,EVM JSON-RPC,songbird,$0,$0,TRUE,FALSE,"[""eth"",""web3"",""net""]","[""~1K req/min""]","[""DDoS Protection"",""IP Protection""]","[""Basic monitoring""]","[""Global""]",,,,,,,,,,
getblock-mainnet-advanced-full-archive,,!offer:getblock-advanced-full-archive,,,,,,,mainnet,,,,,,,,,,,,,,,,,,,
getblock-mainnet-advanced-recent-state,,!offer:getblock-advanced-recent-state,,,,,,,mainnet,,,,,,,,,,,,,,,,,,,
getblock-mainnet-dedicated-full-archive,,!offer:getblock-dedicated-full-archive,,,,,,,mainnet,,,,,,,,,,,,,,,,,,,
getblock-mainnet-dedicated-recent-state,,!offer:getblock-dedicated-recent-state,,,,,,,mainnet,,,,,,,,,,,,,,,,,,,
getblock-mainnet-free-recent-state,,!offer:getblock-free-recent-state,,,,,,,mainnet,,,,,,,,,,,,,,,,,,,
getblock-mainnet-pro-full-archive,,!offer:getblock-pro-full-archive,,,,,,,mainnet,,,,,,,,,,,,,,,,,,,
getblock-mainnet-pro-recent-state,,!offer:getblock-pro-recent-state,,,,,,,mainnet,,,,,,,,,,,,,,,,,,,
getblock-mainnet-starter-full-archive,,!offer:getblock-starter-full-archive,,,,,,,mainnet,,,,,,,,,,,,,,,,,,,
getblock-mainnet-starter-recent-state,,!offer:getblock-starter-recent-state,,,,,,,mainnet,,,,,,,,,,,,,,,,,,,
goldsky-coston2-free-indexer,,!offer:goldsky-free-indexer,"[""[Website](https://app.goldsky.com/)"",""[Docs](https://docs.goldsky.com/chains/flare#indexing-flare-with-goldsky)""]",,,,,,coston2,,,,,,,,,,,,,,,,,,,
goldsky-coston2-pay-as-you-go-indexer,,!offer:goldsky-pay-as-you-go-indexer,"[""[Buy](https://goldsky.com/pricing)"",""[Docs](https://docs.goldsky.com/chains/flare#indexing-flare-with-goldsky)""]",,,,,,coston2,,,,,,,,,,,,,,,,,,,
goldsky-mainnet-free-indexer,,!offer:goldsky-free-indexer,"[""[Website](https://app.goldsky.com/)"",""[Docs](https://docs.goldsky.com/chains/flare#indexing-flare-with-goldsky)""]",,,,,,mainnet,,,,,,,,,,,,,,,,,,,
goldsky-mainnet-pay-as-you-go-indexer,,!offer:goldsky-pay-as-you-go-indexer,"[""[Buy](https://goldsky.com/pricing)"",""[Docs](https://docs.goldsky.com/chains/flare#indexing-flare-with-goldsky)""]",,,,,,mainnet,,,,,,,,,,,,,,,,,,,
nownodes-mainnet-business-recent-state,,!offer:nownodes-business-recent-state,"[""[Buy](https://nownodes.io/pricing)"",""[Docs](https://nownodes.io/nodes/flare)""]",,,,,,mainnet,,,,,,,,,,,,,,,,,,,
nownodes-mainnet-dedicated-recent-state,,!offer:nownodes-dedicated-recent-state,"[""[Contact](https://account.nownodes.io/auth/login)"",""[Docs](https://nownodes.io/nodes/flare)""]",,,,,,mainnet,,,,,,,,,,,,,,,,,,,
nownodes-mainnet-enterprise-recent-state,,!offer:nownodes-enterprise-recent-state,"[""[Buy](https://nownodes.io/pricing)"",""[Docs](https://nownodes.io/nodes/flare)""]",,,,,,mainnet,,,,,,,,,,,,,,,,,,,
nownodes-mainnet-free-recent-state,,!offer:nownodes-free-recent-state,"[""[Website](https://nownodes.io/flare-flr)"",""[Docs](https://nownodes.io/nodes/flare)""]",,,,,,mainnet,,,,,,,,,,,,,,,,,,,
nownodes-mainnet-pro-recent-state,,!offer:nownodes-pro-recent-state,"[""[Buy](https://nownodes.io/pricing)"",""[Docs](https://nownodes.io/nodes/flare)""]",,,,,,mainnet,,,,,,,,,,,,,,,,,,,
quicknode-mainnet-accelerate-full-archive,,!offer:quicknode-accelerate-full-archive,,,,,,,mainnet,,,,,,,,,,,,,,,,,,,
quicknode-mainnet-accelerate-recent-state,,!offer:quicknode-accelerate-recent-state,,,,,,,mainnet,,,,,,,,,,,,,,,,,,,
quicknode-mainnet-build-full-archive,,!offer:quicknode-build-full-archive,,,,,,,mainnet,,,,,,,,,,,,,,,,,,,
quicknode-mainnet-build-recent-state,,!offer:quicknode-build-recent-state,,,,,,,mainnet,,,,,,,,,,,,,,,,,,,
quicknode-mainnet-business-full-archive,,!offer:quicknode-business-full-archive,,,,,,,mainnet,,,,,,,,,,,,,,,,,,,
quicknode-mainnet-business-recent-state,,!offer:quicknode-business-recent-state,,,,,,,mainnet,,,,,,,,,,,,,,,,,,,
quicknode-mainnet-scale-full-archive,,!offer:quicknode-scale-full-archive,,,,,,,mainnet,,,,,,,,,,,,,,,,,,,
quicknode-mainnet-scale-recent-state,,!offer:quicknode-scale-recent-state,,,,,,,mainnet,,,,,,,,,,,,,,,,,,,
quicknode-testnet-accelerate-full-archive,,!offer:quicknode-accelerate-full-archive,,,,,,,coston2,,,,,,,,,,,,,,,,,,,
quicknode-testnet-accelerate-recent-state,,!offer:quicknode-accelerate-recent-state,,,,,,,coston2,,,,,,,,,,,,,,,,,,,
quicknode-testnet-build-full-archive,,!offer:quicknode-build-full-archive,,,,,,,coston2,,,,,,,,,,,,,,,,,,,
quicknode-testnet-build-recent-state,,!offer:quicknode-build-recent-state,,,,,,,coston2,,,,,,,,,,,,,,,,,,,
quicknode-testnet-business-full-archive,,!offer:quicknode-business-full-archive,,,,,,,coston2,,,,,,,,,,,,,,,,,,,
quicknode-testnet-business-recent-state,,!offer:quicknode-business-recent-state,,,,,,,coston2,,,,,,,,,,,,,,,,,,,
quicknode-testnet-scale-full-archive,,!offer:quicknode-scale-full-archive,,,,,,,coston2,,,,,,,,,,,,,,,,,,,
quicknode-testnet-scale-recent-state,,!offer:quicknode-scale-recent-state,,,,,,,coston2,,,,,,,,,,,,,,,,,,,
sqd-mainnet-free-indexer,,!offer:sqd-free-indexer,"[""[Website](https://www.sqd.ai/)"",""[Docs](https://docs.sqd.ai/subsquid-network/reference/networks/#evm--ethereum-compatible)""]",,,,,,mainnet,,,,,,,,,,,,,,,,,,,
sqd-mainnet-pay-as-you-go-indexer,,!offer:sqd-pay-as-you-go-indexer,"[""[Buy](https://docs.sqd.ai/cloud/pricing/#pay-as-you-go-prices)"",""[Docs](https://docs.sqd.ai/subsquid-network/reference/networks/#evm--ethereum-compatible)""]",,,,,,mainnet,,,,,,,,,,,,,,,,,,,
subquery-mainnet-pay-as-you-go-indexer,,!offer:subquery-pay-as-you-go-indexer,"[""[Buy](https://subquery.network/doc/subquery_network/consumers/plan.html#creating-a-flex-plan)"",""[Docs](https://subquery.network/doc/indexer/quickstart/quickstart_chains/flare.html)""]",,,,,,mainnet,,,,,,,,,,,,,,,,,,,
tatum-coston-free-recent-state,,!offer:tatum-free-recent-state,"[""[Website](https://www.tatum.io?via=chainlove)"",""[Docs](https://docs.tatum.io/reference/rpc-flare)""]",,,,,,coston,,,,,,,,,,,,,,,,,,,
tatum-coston-pro-full-archive,,!offer:tatum-pro-full-archive,"[""[Buy](https://www.tatum.io?via=chainlove)"",""[Docs](https://docs.tatum.io/reference/rpc-flare)""]",,,,,,coston,,,,,,,,,,,,,,,,,,,
tatum-coston-pro-recent-state,,!offer:tatum-pro-recent-state,"[""[Buy](https://www.tatum.io?via=chainlove)"",""[Docs](https://docs.tatum.io/reference/rpc-flare)""]",,,,,,coston,,,,,,,,,,,,,,,,,,,
tatum-coston-scale-full-archive,,!offer:tatum-scale-full-archive,"[""[Buy](https://www.tatum.io?via=chainlove)"",""[Docs](https://docs.tatum.io/reference/rpc-flare)""]",,,,,,coston,,,,,,,,,,,,,,,,,,,
tatum-coston-scale-recent-state,,!offer:tatum-scale-recent-state,"[""[Buy](https://www.tatum.io?via=chainlove)"",""[Docs](https://docs.tatum.io/reference/rpc-flare)""]",,,,,,coston,,,,,,,,,,,,,,,,,,,
tatum-coston-starter-full-archive,,!offer:tatum-starter-full-archive,"[""[Buy](https://www.tatum.io?via=chainlove)"",""[Docs](https://docs.tatum.io/reference/rpc-flare)""]",,,,,,coston,,,,,,,,,,,,,,,,,,,
tatum-coston-starter-recent-state,,!offer:tatum-starter-recent-state,"[""[Buy](https://www.tatum.io?via=chainlove)"",""[Docs](https://docs.tatum.io/reference/rpc-flare)""]",,,,,,coston,,,,,,,,,,,,,,,,,,,
tatum-coston2-free-recent-state,,!offer:tatum-free-recent-state,"[""[Website](https://www.tatum.io?via=chainlove)"",""[Docs](https://docs.tatum.io/reference/rpc-flare)""]",,,,,,coston2,,,,,,,,,,,,,,,,,,,
tatum-coston2-pro-full-archive,,!offer:tatum-pro-full-archive,"[""[Buy](https://www.tatum.io?via=chainlove)"",""[Docs](https://docs.tatum.io/reference/rpc-flare)""]",,,,,,coston2,,,,,,,,,,,,,,,,,,,
tatum-coston2-pro-recent-state,,!offer:tatum-pro-recent-state,"[""[Buy](https://www.tatum.io?via=chainlove)"",""[Docs](https://docs.tatum.io/reference/rpc-flare)""]",,,,,,coston2,,,,,,,,,,,,,,,,,,,
tatum-coston2-scale-full-archive,,!offer:tatum-scale-full-archive,"[""[Buy](https://www.tatum.io?via=chainlove)"",""[Docs](https://docs.tatum.io/reference/rpc-flare)""]",,,,,,coston2,,,,,,,,,,,,,,,,,,,
tatum-coston2-scale-recent-state,,!offer:tatum-scale-recent-state,"[""[Buy](https://www.tatum.io?via=chainlove)"",""[Docs](https://docs.tatum.io/reference/rpc-flare)""]",,,,,,coston2,,,,,,,,,,,,,,,,,,,
tatum-coston2-starter-full-archive,,!offer:tatum-starter-full-archive,"[""[Buy](https://www.tatum.io?via=chainlove)"",""[Docs](https://docs.tatum.io/reference/rpc-flare)""]",,,,,,coston2,,,,,,,,,,,,,,,,,,,
tatum-coston2-starter-recent-state,,!offer:tatum-starter-recent-state,"[""[Buy](https://www.tatum.io?via=chainlove)"",""[Docs](https://docs.tatum.io/reference/rpc-flare)""]",,,,,,coston2,,,,,,,,,,,,,,,,,,,
tatum-mainnet-free-recent-state,,!offer:tatum-free-recent-state,"[""[Website](https://www.tatum.io?via=chainlove)"",""[Docs](https://docs.tatum.io/reference/rpc-flare)""]",,,,,,mainnet,,,,,,,,,,,,,,,,,,,
tatum-mainnet-pro-full-archive,,!offer:tatum-pro-full-archive,"[""[Buy](https://www.tatum.io?via=chainlove)"",""[Docs](https://docs.tatum.io/reference/rpc-flare)""]",,,,,,mainnet,,,,,,,,,,,,,,,,,,,
tatum-mainnet-pro-recent-state,,!offer:tatum-pro-recent-state,"[""[Buy](https://www.tatum.io?via=chainlove)"",""[Docs](https://docs.tatum.io/reference/rpc-flare)""]",,,,,,mainnet,,,,,,,,,,,,,,,,,,,
tatum-mainnet-scale-full-archive,,!offer:tatum-scale-full-archive,"[""[Buy](https://www.tatum.io?via=chainlove)"",""[Docs](https://docs.tatum.io/reference/rpc-flare)""]",,,,,,mainnet,,,,,,,,,,,,,,,,,,,
tatum-mainnet-scale-recent-state,,!offer:tatum-scale-recent-state,"[""[Buy](https://www.tatum.io?via=chainlove)"",""[Docs](https://docs.tatum.io/reference/rpc-flare)""]",,,,,,mainnet,,,,,,,,,,,,,,,,,,,
tatum-mainnet-starter-full-archive,,!offer:tatum-starter-full-archive,"[""[Buy](https://www.tatum.io?via=chainlove)"",""[Docs](https://docs.tatum.io/reference/rpc-flare)""]",,,,,,mainnet,,,,,,,,,,,,,,,,,,,
tatum-mainnet-starter-recent-state,,!offer:tatum-starter-recent-state,"[""[Buy](https://www.tatum.io?via=chainlove)"",""[Docs](https://docs.tatum.io/reference/rpc-flare)""]",,,,,,mainnet,,,,,,,,,,,,,,,,,,,
tatum-songbird-free-recent-state,,!offer:tatum-free-recent-state,"[""[Website](https://www.tatum.io?via=chainlove)"",""[Docs](https://docs.tatum.io/reference/rpc-flare)""]",,,,,,songbird,,,,,,,,,,,,,,,,,,,
tatum-songbird-pro-full-archive,,!offer:tatum-pro-full-archive,"[""[Buy](https://www.tatum.io?via=chainlove)"",""[Docs](https://docs.tatum.io/reference/rpc-flare)""]",,,,,,songbird,,,,,,,,,,,,,,,,,,,
tatum-songbird-pro-recent-state,,!offer:tatum-pro-recent-state,"[""[Buy](https://www.tatum.io?via=chainlove)"",""[Docs](https://docs.tatum.io/reference/rpc-flare)""]",,,,,,songbird,,,,,,,,,,,,,,,,,,,
tatum-songbird-scale-full-archive,,!offer:tatum-scale-full-archive,"[""[Buy](https://www.tatum.io?via=chainlove)"",""[Docs](https://docs.tatum.io/reference/rpc-flare)""]",,,,,,songbird,,,,,,,,,,,,,,,,,,,
tatum-songbird-scale-recent-state,,!offer:tatum-scale-recent-state,"[""[Buy](https://www.tatum.io?via=chainlove)"",""[Docs](https://docs.tatum.io/reference/rpc-flare)""]",,,,,,songbird,,,,,,,,,,,,,,,,,,,
tatum-songbird-starter-full-archive,,!offer:tatum-starter-full-archive,"[""[Buy](https://www.tatum.io?via=chainlove)"",""[Docs](https://docs.tatum.io/reference/rpc-flare)""]",,,,,,songbird,,,,,,,,,,,,,,,,,,,
tatum-songbird-starter-recent-state,,!offer:tatum-starter-recent-state,"[""[Buy](https://www.tatum.io?via=chainlove)"",""[Docs](https://docs.tatum.io/reference/rpc-flare)""]",,,,,,songbird,,,,,,,,,,,,,,,,,,,
thirdweb-coston2-dedicated-recent-state,,!offer:thirdweb-dedicated-recent-state,,,,,,,coston2,,,,,,,,,,,,,,,,,,,
thirdweb-coston2-growth-indexer,,!offer:thirdweb-growth-indexer,,,,,,,coston2,,,,,,,,,,,,,,,,,,,
thirdweb-coston2-growth-recent-state,,!offer:thirdweb-growth-recent-state,,,,,,,coston2,,,,,,,,,,,,,,,,,,,
thirdweb-coston2-scale-indexer,,!offer:thirdweb-scale-indexer,,,,,,,coston2,,,,,,,,,,,,,,,,,,,
thirdweb-coston2-scale-recent-state,,!offer:thirdweb-scale-recent-state,,,,,,,coston2,,,,,,,,,,,,,,,,,,,
thirdweb-coston2-starter-indexer,,!offer:thirdweb-starter-indexer,,,,,,,coston2,,,,,,,,,,,,,,,,,,,
thirdweb-coston2-starter-recent-state,,!offer:thirdweb-starter-recent-state,,,,,,,coston2,,,,,,,,,,,,,,,,,,,
thirdweb-mainnet-dedicated-recent-state,,!offer:thirdweb-dedicated-recent-state,,,,,,,mainnet,,,,,,,,,,,,,,,,,,,
thirdweb-mainnet-growth-indexer,,!offer:thirdweb-growth-indexer,,,,,,,mainnet,,,,,,,,,,,,,,,,,,,
thirdweb-mainnet-growth-recent-state,,!offer:thirdweb-growth-recent-state,,,,,,,mainnet,,,,,,,,,,,,,,,,,,,
thirdweb-mainnet-scale-indexer,,!offer:thirdweb-scale-indexer,,,,,,,mainnet,,,,,,,,,,,,,,,,,,,
thirdweb-mainnet-scale-recent-state,,!offer:thirdweb-scale-recent-state,,,,,,,mainnet,,,,,,,,,,,,,,,,,,,
thirdweb-mainnet-starter-indexer,,!offer:thirdweb-starter-indexer,,,,,,,mainnet,,,,,,,,,,,,,,,,,,,
thirdweb-mainnet-starter-recent-state,,!offer:thirdweb-starter-recent-state,,,,,,,mainnet,,,,,,,,,,,,,,,,,,,
uniblock-mainnet-business-custom,,!offer:uniblock-business-custom,,,,,,,mainnet,,,,,,,,,,,,,,,,,,,
uniblock-mainnet-dedicated-custom,,!offer:uniblock-dedicated-custom,,,,,,,mainnet,,,,,,,,,,,,,,,,,,,
uniblock-mainnet-growth-custom,,!offer:uniblock-growth-custom,,,,,,,mainnet,,,,,,,,,,,,,,,,,,,
uniblock-mainnet-pro-custom,,!offer:uniblock-pro-custom,,,,,,,mainnet,,,,,,,,,,,,,,,,,,,
uniblock-mainnet-startup-custom,,!offer:uniblock-startup-custom,,,,,,,mainnet,,,,,,,,,,,,,,,,,,,
