slug,provider,offer,actionButtons,chain,technology,starred,availableApis,monitoringAndAnalytics,additionalFeatures,dataTypes,decentralizationModel,economicalSecurity,economicalSecurityNote,sdk,auditsPerformed,tag
drand-quicknet-calibnet,,!offer:drand-quicknet,"[""[Filecoin Docs](https://docs.filecoin.io/core-concepts/filecoin-virtual-machine/drand)"",""[Send Requests](https://api.drand.sh/v2/beacons/quicknet/rounds/latest)""]",calibnet,,,,,"[""Filecoin consensus beacon since the Phoenix upgrade (nv22 + 120 epochs)"",""FEVM PREVRANDAO returns beacon-derived randomness (FIP-0054)"",""New round every 3 seconds"",""Publicly verifiable rounds""]",,,,,,,
drand-quicknet-mainnet,,!offer:drand-quicknet,"[""[Filecoin Docs](https://docs.filecoin.io/core-concepts/filecoin-virtual-machine/drand)"",""[Send Requests](https://api.drand.sh/v2/beacons/quicknet/rounds/latest)""]",mainnet,,,,,"[""Filecoin consensus beacon since the Phoenix upgrade (nv22 + 120 epochs)"",""FEVM PREVRANDAO returns beacon-derived randomness (FIP-0054)"",""New round every 3 seconds"",""Publicly verifiable rounds""]",,,,,,,
pyth-calibnet,,!offer:pyth,"[""[FIL/USD](https://app.pyth.com/explore/Crypto.FIL%2FUSD)"",""[Filecoin Docs](https://docs.filecoin.io/build-on-filecoin/advanced/oracles)""]",calibnet,,,,,,,,,,,,
pyth-mainnet,,!offer:pyth,"[""[FIL/USD](https://app.pyth.com/explore/Crypto.FIL%2FUSD)"",""[Filecoin Docs](https://docs.filecoin.io/build-on-filecoin/advanced/oracles)""]",mainnet,,,,,,,,,,,,
redstone-calibnet,,!offer:redstone,"[""[Push Feeds](https://app.redstone.finance/push-feeds)"",""[Oracle Contract](https://calibration.filfox.info/en/address/0xe1df239Ac22E8a873B2a4dF975C8dfc3249350e4)""]",calibnet,,,,,"[""0.5% deviation threshold"",""4-hour heartbeat""]","[""FIL/USD""]",,,,,,
redstone-mainnet,,!offer:redstone,"[""[Push Feeds](https://app.redstone.finance/push-feeds)"",""[Oracle Contract](https://filfox.info/en/address/0x434F8D17c0301cfEa143dba912972E24B827C968)""]",mainnet,,,,,"[""0.5% deviation threshold"",""4-hour heartbeat""]","[""FIL/USD""]",,,,,,
scry-protocol-mainnet,,!offer:scry-protocol,,mainnet,,,,,,,,,,,,
stork-calibnet,,!offer:stork,"[""[Docs](https://docs.stork.network/resources/contract-addresses/evm)"",""[Contract](https://calibration.filfox.info/en/address/0xacC0a0cF13571d30B4b8637996F5D6D774d4fd62)""]",calibnet,,,,,,,,,,,,
tellor-calibnet,,!offer:tellor,"[""[Filecoin Docs](https://docs.filecoin.io/build-on-filecoin/advanced/oracles)"",""[Docs](https://docs.tellor.io/)""]",calibnet,,,,,,,,,,,,
tellor-mainnet,,!offer:tellor,"[""[Filecoin Docs](https://docs.filecoin.io/build-on-filecoin/advanced/oracles)"",""[Docs](https://docs.tellor.io/)""]",mainnet,,,,,,,,,,,,
