slug,provider,offer,actionButtons,toolType,programmingLanguage,tag,description,planType,planName,price,trial,starred,dependencies,latestKnownVersion,latestKnownReleaseDate,maintainer,license
abitype,,!offer:abitype,,,,,,,,,,,,,,,
alloy,,!offer:alloy,,,,,,,,,,,,,,,
ape-framework,,!offer:ape-framework,,,,,,,,,,,,,,,
connectkit,,!offer:connectkit,"[""[Docs](https://docs.somnia.network/developer/building-dapps/wallet-integration-and-auth/authenticating-with-connectkit)""]",,,,,,,,,,,,,,
ens-js,,!offer:ens-js,,,,,,,,,,,,,,,
eth-abi,,!offer:eth-abi,,,,,,,,,,,,,,,
eth-account,,!offer:eth-account,,,,,,,,,,,,,,,
ethereumjs,,!offer:ethereumjs,,,,,,,,,,,,,,,
ethers-js,,!offer:ethers-js,,,,,,,,,,,,,,,
foundry,,!offer:foundry,"[""[Docs](https://docs.somnia.network/developer/development-frameworks/deploy-with-foundry)""]",,,,,,,,,,,,,,
go-ethereum,,!offer:go-ethereum,,,,,,,,,,,,,,,
hardhat,,!offer:hardhat,"[""[Deploy guide](https://docs.somnia.network/developer/development-frameworks/deploy-with-hardhat)"",""[GitHub](https://github.com/NomicFoundation/hardhat)""]",,,,,,,,,,,,,,
lifi-sdk,,!offer:lifi-sdk,"[""[Website](https://li.fi)"",""[Integration](https://li.fi/knowledge-hub/bringing-cross-chain-liquidity-to-somnia-powered-by-li.fi)""]",,,,,,,,,,,,,,
nethereum,,!offer:nethereum,,,,,,,,,,,,,,,
nomic-slang,,!offer:nomic-slang,,,,,,,,,,,,,,,
openzeppelin,,!offer:openzeppelin,,,,,,,,,,,,,,,
ox,,!offer:ox,,,,,,,,,,,,,,,
prb-test,,!offer:prb-test,,,,,,,,,,,,,,,
rainbowkit-testnet,,!offer:rainbowkit,"[""[Docs](https://docs.somnia.network/developer/building-dapps/wallet-integration-and-auth/authenticating-with-rainbowkit)""]",,,,,,,,,,,,,,
relay-kit-hooks,,!offer:relay-kit-hooks,,,,,,,,,,,,,,,
relay-kit-ui,,!offer:relay-kit-ui,,,,,,,,,,,,,,,
relay-sdk,,!offer:relay-sdk,,,,,,,,,,,,,,,
safe-protocol-kit,,!offer:safe-protocol-kit,,,,,,,,,,,,,,,
sequence-sdk-free,,!offer:sequence-sdk-free,"[""[Docs](https://docs.somnia.network/developer/deployment-and-production/ecosystem/ecosystem-tools/sdks)""]",,,,,,,,,,,,,,
solc-js,,!offer:solc-js,,,,,,,,,,,,,,,
solidity-ast,,!offer:solidity-ast,,,,,,,,,,,,,,,
somnia-data-streams-sdk,,!offer:somnia-data-streams-sdk,,,,,,,,,,,,,,,
somnia-viem-session-account-testnet,,!offer:somnia-viem-session-account,,,,,Viem-compatible TypeScript library for deriving session account addresses and submitting wallet transactions through session RPCs on Somnia Shannon testnet.,,,,,,,,,,
tevm,,!offer:tevm,,,,,,,,,,,,,,,
thirdweb-sdk,,!offer:thirdweb-sdk,"[""[Docs](https://docs.somnia.network/developer/deployment-and-production/ecosystem/ecosystem-tools/sdks)""]",,,,,,,,,,,,,,
viem,,!offer:viem,,,,,,,,,,,,,,,
wagmi,,!offer:wagmi,"[""[ConnectKit guide](https://docs.somnia.network/developer/building-dapps/wallet-integration-and-auth/authenticating-with-connectkit)"",""[GitHub](https://github.com/wevm/wagmi)""]",,,,,,,,,,,,,,
web3-js,,!offer:web3-js,,,,,,,,,,,,,,,
web3-py,,!offer:web3-py,,,,,,,,,,,,,,,
web3auth-base,,!offer:web3auth-base,,,,,,,,,,,,,,,
web3auth-growth,,!offer:web3auth-growth,,,,,,,,,,,,,,,
web3auth-scale,,!offer:web3auth-scale,,,,,,,,,,,,,,,
web3j,,!offer:web3j,,,,,,,,,,,,,,,
