slug,provider,offer,actionButtons,toolType,tag,price,planName,planType,description,starred
agent-kit,,!offer:agent-kit,,,,,,,,
candide-enterprise,,!offer:candide-enterprise,,,,,,,,
candide-grow,,!offer:candide-grow,,,,,,,,
chain-ide,,!offer:chain-ide,,,,,,,,
pimlico-account-abstraction,,!offer:pimlico-account-abstraction,"[""[Docs](https://docs.somnia.network/developer/deployment-and-production/ecosystem/ecosystem-tools)""]",,,,,,,
reown-free,,!offer:reown-free,,,,,,,,
reown-pro,,!offer:reown-pro,,,,,,,,
scaffold-eth,,!offer:scaffold-eth,,,,,,,,
somnia-agents-skills,,!offer:somnia-agents-skills,,,,,,,,
